,x
1,Adelastes hylonomos
2,Adelophryne adiastola
3,Adelophryne baturitensis
4,Adelophryne gutturosa
5,Adelophryne maranguapensis
6,Adelophryne pachydactyla
7,Adelophryne patamona
8,Adelphobates castaneoticus
9,Adelphobates galactonotus
10,Adelphobates quinquevittatus
11,Adenomera ajurauna
12,Adenomera andreae
13,Adenomera araucaria
14,Adenomera bokermanni
15,Adenomera coca
16,Adenomera diptyx
17,Adenomera heyeri
18,Adenomera hylaedactyla
19,Adenomera lutzi
20,Adenomera marmorata
21,Adenomera martinezi
22,Adenomera nana
23,Adenomera thomei
24,Agalychnis aspera
25,Agalychnis buckleyi
26,Agalychnis callidryas
27,Agalychnis danieli
28,Agalychnis granulosa
29,Agalychnis hulli
30,Agalychnis lemur
31,Agalychnis medinae
32,Agalychnis psilopygion
33,Agalychnis spurrelli
34,Agalychnis terranova
35,Allobates alessandroi
36,Allobates algorei
37,Allobates bromelicola
38,Allobates brunneus
39,Allobates caeruleodactylus
40,Allobates caribe
41,Allobates cepedai
42,Allobates conspicuus
43,Allobates crombiei
44,Allobates femoralis
45,Allobates fratisenescus
46,Allobates fuscellus
47,Allobates gasconi
48,Allobates goianus
49,Allobates granti
50,Allobates humilis
51,Allobates ignotus
52,Allobates insperatus
53,Allobates juanii
54,Allobates kingsburyi
55,Allobates mandelorum
56,Allobates marchesianus
57,Allobates masniger
58,Allobates mcdiarmidi
59,Allobates melanolaemus
60,Allobates myersi
61,Allobates nidicola
62,Allobates niputidea
63,Allobates olfersioides
64,Allobates ornatus
65,Allobates paleovarzensis
66,Allobates picachos
67,Allobates pittieri
68,Allobates ranoides
69,Allobates sanmartini
70,Allobates spumaponens
71,Allobates subfolionidificans
72,Allobates sumtuosus
73,Allobates talamancae
74,Allobates trilineatus
75,Allobates undulatus
76,Allobates vanzolinius
77,Allobates wayuu
78,Allobates zaparo
79,Allophryne ruthveni
80,Alsodes australis
81,Alsodes barrioi
82,Alsodes cantillanensis
83,Alsodes coppingeri
84,Alsodes gargola
85,Alsodes hugoi
86,Alsodes igneus
87,Alsodes kaweshkari
88,Alsodes montanus
89,Alsodes monticola
90,Alsodes neuquensis
91,Alsodes nodosus
92,Alsodes norae
93,Alsodes pehuenche
94,Alsodes tumultuosus
95,Alsodes valdiviensis
96,Alsodes vanzolinii
97,Alsodes verrucosus
98,Alsodes vittatus
99,Amazophrynella bokermanni
100,Amazophrynella minuta
101,Ameerega bassleri
102,Ameerega berohoka
103,Ameerega bilinguis
104,Ameerega boehmei
105,Ameerega boliviana
106,Ameerega braccata
107,Ameerega cainarachi
108,Ameerega flavopicta
109,Ameerega hahneli
110,Ameerega ignipedis
111,Ameerega ingeri
112,Ameerega macero
113,Ameerega parvula
114,Ameerega pepperi
115,Ameerega petersi
116,Ameerega picta
117,Ameerega planipaleae
118,Ameerega pongoensis
119,Ameerega pulchripecta
120,Ameerega rubriventris
121,Ameerega shihuemoy
122,Ameerega silverstonei
123,Ameerega simulans
124,Ameerega smaragdina
125,Ameerega trivittata
126,Ameerega yoshina
127,Ameerega yungicola
128,Andinobates abditus
129,Andinobates altobueyensis
130,Andinobates bombetes
131,Andinobates daleswansoni
132,Andinobates dorisswansonae
133,Andinobates fulguritus
134,Andinobates minutus
135,Andinobates opisthomelas
136,Andinobates tolimensis
137,Andinobates victimatus
138,Andinobates viridis
139,Andinobates virolinensis
140,Anomaloglossus ayarzaguenai
141,Anomaloglossus baeobatrachus
142,Anomaloglossus beebei
143,Anomaloglossus blanci
144,Anomaloglossus breweri
145,Anomaloglossus degranvillei
146,Anomaloglossus dewynteri
147,Anomaloglossus guanayensis
148,Anomaloglossus kaiei
149,Anomaloglossus leopardus
150,Anomaloglossus moffetti
151,Anomaloglossus murisipanensis
152,Anomaloglossus parimae
153,Anomaloglossus parkerae
154,Anomaloglossus praderioi
155,Anomaloglossus roraima
156,Anomaloglossus rufulus
157,Anomaloglossus shrevei
158,Anomaloglossus stepheni
159,Anomaloglossus surinamensis
160,Anomaloglossus tamacuarensis
161,Anomaloglossus tepuyensis
162,Anomaloglossus triunfo
163,Anomaloglossus wothuja
164,Aparasphenodon bokermanni
165,Aparasphenodon brunoi
166,Aparasphenodon venezolanus
167,Aplastodiscus albofrenatus
168,Aplastodiscus albosignatus
169,Aplastodiscus arildae
170,Aplastodiscus callipygius
171,Aplastodiscus cavicola
172,Aplastodiscus cochranae
173,Aplastodiscus ehrhardti
174,Aplastodiscus eugenioi
175,Aplastodiscus flumineus
176,Aplastodiscus ibirapitanga
177,Aplastodiscus leucopygius
178,Aplastodiscus musicus
179,Aplastodiscus perviridis
180,Aplastodiscus sibilatus
181,Aplastodiscus weygoldti
182,Arcovomer passarellii
183,Argenteohyla siemersi
184,Aromobates alboguttatus
185,Aromobates cannatellai
186,Aromobates capurinensis
187,Aromobates duranti
188,Aromobates ericksonae
189,Aromobates haydeeae
190,Aromobates leopardalis
191,Aromobates mayorgai
192,Aromobates meridensis
193,Aromobates molinarii
194,Aromobates nocturnus
195,Aromobates ornatissimus
196,Aromobates orostoma
197,Aromobates saltuensis
198,Aromobates serranus
199,Aromobates tokuko
200,Aromobates walterarpi
201,Aromobates zippeli
202,Atelognathus ceii
203,Atelognathus nitoi
204,Atelognathus patagonicus
205,Atelognathus praebasalticus
206,Atelognathus reverberii
207,Atelognathus salai
208,Atelognathus solitarius
209,Atelopus andinus
210,Atelopus angelito
211,Atelopus ardila
212,Atelopus arsyecue
213,Atelopus arthuri
214,Atelopus balios
215,Atelopus bomolochos
216,Atelopus boulengeri
217,Atelopus carauta
218,Atelopus carbonerensis
219,Atelopus carrikeri
220,Atelopus chocoensis
221,Atelopus chrysocorallus
222,Atelopus coynei
223,Atelopus cruciger
224,Atelopus dimorphus
225,Atelopus ebenoides
226,Atelopus elegans
227,Atelopus epikeisthos
228,Atelopus erythropus
229,Atelopus eusebianus
230,Atelopus eusebiodiazi
231,Atelopus exiguus
232,Atelopus famelicus
233,Atelopus farci
234,Atelopus flavescens
235,Atelopus franciscus
236,Atelopus galactogaster
237,Atelopus gigas
238,Atelopus glyphus
239,Atelopus guanujo
240,Atelopus guitarraensis
241,Atelopus halihelos
242,Atelopus ignescens
243,Atelopus laetissimus
244,Atelopus loettersi
245,Atelopus longibrachius
246,Atelopus longirostris
247,Atelopus lozanoi
248,Atelopus lynchi
249,Atelopus mandingues
250,Atelopus marinkellei
251,Atelopus mindoensis
252,Atelopus minutulus
253,Atelopus mittermeieri
254,Atelopus monohernandezii
255,Atelopus mucubajiensis
256,Atelopus muisca
257,Atelopus nahumae
258,Atelopus nanay
259,Atelopus nepiozomus
260,Atelopus nicefori
261,Atelopus nocturnus
262,Atelopus onorei
263,Atelopus orcesi
264,Atelopus oxapampae
265,Atelopus oxyrhynchus
266,Atelopus pachydermus
267,Atelopus palmatus
268,Atelopus pastuso
269,Atelopus patazensis
270,Atelopus pedimarmoratus
271,Atelopus peruensis
272,Atelopus petersi
273,Atelopus petriruizi
274,Atelopus pictiventris
275,Atelopus pinangoi
276,Atelopus planispina
277,Atelopus podocarpus
278,Atelopus pulcher
279,Atelopus pyrodactylus
280,Atelopus quimbaya
281,Atelopus reticulatus
282,Atelopus sanjosei
283,Atelopus seminiferus
284,Atelopus sernai
285,Atelopus simulatus
286,Atelopus siranus
287,Atelopus sonsonensis
288,Atelopus sorianoi
289,Atelopus spumarius
290,Atelopus spurrelli
291,Atelopus subornatus
292,Atelopus tamaense
293,Atelopus tricolor
294,Atelopus vogli
295,Atelopus walkeri
296,Atopophrynus syntomopus
297,Barycholos pulcher
298,Barycholos ternetzi
299,Batrachyla antartandica
300,Batrachyla fitzroya
301,Batrachyla leptopus
302,Batrachyla nibaldoi
303,Batrachyla taeniata
304,Boana aguilari
305,Boana albomarginata
306,Boana albonigra
307,Boana albopunctata
308,Boana alemani
309,Boana atlantica
310,Boana balzani
311,Boana beckeri
312,Boana bischoffi
313,Boana boans
314,Boana buriti
315,Boana caingua
316,Boana calcarata
317,Boana callipleura
318,Boana cinerascens
319,Boana cipoensis
320,Boana claresignata
321,Boana clepsydra
322,Boana cordobae
323,Boana crepitans
324,Boana curupi
325,Boana cymbalum
326,Boana dentei
327,Boana ericae
328,Boana exastis
329,Boana faber
330,Boana fasciata
331,Boana freicanecae
332,Boana fuentei
333,Boana geographica
334,Boana gladiator
335,Boana goiana
336,Boana guentheri
337,Boana hobbsi
338,Boana hutchinsi
339,Boana jimenezi
340,Boana joaquini
341,Boana lanciformis
342,Boana latistriata
343,Boana lemai
344,Boana leptolineata
345,Boana leucocheila
346,Boana lundii
347,Boana marginata
348,Boana marianitae
349,Boana melanopleura
350,Boana microderma
351,Boana multifasciata
352,Boana nympha
353,Boana ornatissima
354,Boana palaestes
355,Boana pardalis
356,Boana pellucens
357,Boana phaeopleura
358,Boana picturata
359,Boana polytaenia
360,Boana pombali
361,Boana prasina
362,Boana pugnax
363,Boana pulchella
364,Boana pulidoi
365,Boana punctata
366,Boana raniceps
367,Boana rhythmica
368,Boana riojana
369,Boana roraima
370,Boana rosenbergi
371,Boana rubracyla
372,Boana rufitela
373,Boana secedens
374,Boana semiguttata
375,Boana semilineata
376,Boana sibleszi
377,Boana stellae
378,Boana stenocephala
379,Boana tepuiana
380,Boana tetete
381,Boana wavrini
382,Bokermannohyla ahenea
383,Bokermannohyla alvarengai
384,Bokermannohyla astartea
385,Bokermannohyla caramaschii
386,Bokermannohyla carvalhoi
387,Bokermannohyla circumdata
388,Bokermannohyla diamantina
389,Bokermannohyla feioi
390,Bokermannohyla gouveai
391,Bokermannohyla hylax
392,Bokermannohyla ibitiguara
393,Bokermannohyla ibitipoca
394,Bokermannohyla itapoty
395,Bokermannohyla izecksohni
396,Bokermannohyla langei
397,Bokermannohyla lucianae
398,Bokermannohyla luctuosa
399,Bokermannohyla martinsi
400,Bokermannohyla nanuzae
401,Bokermannohyla oxente
402,Bokermannohyla pseudopseudis
403,Bokermannohyla ravida
404,Bokermannohyla sagarana
405,Bokermannohyla saxicola
406,Bokermannohyla sazimai
407,Bokermannohyla vulcaniae
408,Brachycephalus alipioi
409,Brachycephalus brunneus
410,Brachycephalus didactylus
411,Brachycephalus ephippium
412,Brachycephalus ferruginus
413,Brachycephalus hermogenesi
414,Brachycephalus izecksohni
415,Brachycephalus nodoterga
416,Brachycephalus pernix
417,Brachycephalus pombali
418,Brachycephalus vertebralis
419,Bryophryne abramalagae
420,Bryophryne bakersfield
421,Bryophryne bustamantei
422,Bryophryne cophites
423,Bryophryne flammiventris
424,Bryophryne gymnotis
425,Bryophryne hanssaueri
426,Bryophryne nubilosus
427,Bryophryne phuyuhampatu
428,Bryophryne zonalis
429,Callimedusa atelopoides
430,Callimedusa baltea
431,Callimedusa duellmani
432,Callimedusa ecuatoriana
433,Callimedusa perinesos
434,Callimedusa tomopterna
435,Calyptocephalella gayi
436,Celsiella revocata
437,Celsiella vozmedianoi
438,Centrolene acanthidiocephalum
439,Centrolene altitudinalis
440,Centrolene antioquiense
441,Centrolene azulae
442,Centrolene bacatum
443,Centrolene ballux
444,Centrolene buckleyi
445,Centrolene condor
446,Centrolene daidalea
447,Centrolene geckoideum
448,Centrolene gemmatum
449,Centrolene guanacarum
450,Centrolene heloderma
451,Centrolene hesperium
452,Centrolene huilense
453,Centrolene hybrida
454,Centrolene lema
455,Centrolene lemniscatum
456,Centrolene lynchi
457,Centrolene medemi
458,Centrolene muelleri
459,Centrolene notosticta
460,Centrolene ocellifera
461,Centrolene paezorum
462,Centrolene peristictum
463,Centrolene petrophilum
464,Centrolene pipilata
465,Centrolene quindianum
466,Centrolene robledoi
467,Centrolene sabini
468,Centrolene sanchezi
469,Centrolene savagei
470,Centrolene scirtetes
471,Centrolene solitaria
472,Centrolene venezuelense
473,Ceratophrys aurita
474,Ceratophrys calcarata
475,Ceratophrys cornuta
476,Ceratophrys cranwelli
477,Ceratophrys joazeirensis
478,Ceratophrys ornata
479,Ceratophrys stolzmanni
480,Ceratophrys testudo
481,Ceuthomantis aracamuni
482,Ceuthomantis cavernibardus
483,Ceuthomantis duellmani
484,Ceuthomantis smaragdinus
485,Chacophrys pierottii
486,Chaltenobatrachus grandisonae
487,Chiasmocleis alagoana
488,Chiasmocleis albopunctata
489,Chiasmocleis anatipes
490,Chiasmocleis antenori
491,Chiasmocleis atlantica
492,Chiasmocleis avilapiresae
493,Chiasmocleis bassleri
494,Chiasmocleis capixaba
495,Chiasmocleis carvalhoi
496,Chiasmocleis centralis
497,Chiasmocleis cordeiroi
498,Chiasmocleis crucis
499,Chiasmocleis devriesi
500,Chiasmocleis gnoma
501,Chiasmocleis hudsoni
502,Chiasmocleis jimi
503,Chiasmocleis lacrimae
504,Chiasmocleis leucosticta
505,Chiasmocleis magnova
506,Chiasmocleis mantiqueira
507,Chiasmocleis mehelyi
508,Chiasmocleis sapiranga
509,Chiasmocleis schubarti
510,Chiasmocleis shudikarensis
511,Chiasmocleis tridactyla
512,Chiasmocleis ventrimaculata
513,Chimerella corleone
514,Chimerella mariaelenae
515,Cochranella duidaeana
516,Cochranella erminea
517,Cochranella euhystrix
518,Cochranella euknemos
519,Cochranella geijskesi
520,Cochranella granulosa
521,Cochranella guayasamini
522,Cochranella litoralis
523,Cochranella mache
524,Cochranella megistra
525,Cochranella nola
526,Cochranella phryxa
527,Cochranella ramirezi
528,Cochranella resplendens
529,Cochranella riveroi
530,Cochranella xanthocheridia
531,Colostethus agilis
532,Colostethus alacris
533,Colostethus dysprosium
534,Colostethus furviventris
535,Colostethus imbricolus
536,Colostethus inguinalis
537,Colostethus jacobuspetersi
538,Colostethus latinasus
539,Colostethus lynchi
540,Colostethus mertensi
541,Colostethus panamansis
542,Colostethus poecilonotus
543,Colostethus pratti
544,Colostethus ruthveni
545,Colostethus thorntoni
546,Colostethus ucumari
547,Colostethus yaguara
548,Corythomantis greeningi
549,Craugastor crassidigitus
550,Craugastor fitzingeri
551,Craugastor longirostris
552,Craugastor metriosistus
553,Craugastor opimus
554,Craugastor raniformis
555,Crossodactylodes bokermanni
556,Crossodactylodes izecksohni
557,Crossodactylodes pintoi
558,Crossodactylus aeneus
559,Crossodactylus bokermanni
560,Crossodactylus caramaschii
561,Crossodactylus cyclospinus
562,Crossodactylus dantei
563,Crossodactylus dispar
564,Crossodactylus gaudichaudii
565,Crossodactylus grandis
566,Crossodactylus lutzorum
567,Crossodactylus schmidti
568,Crossodactylus trachystomus
569,Cruziohyla calcarifer
570,Cruziohyla craspedopus
571,Cryptobatrachus boulengeri
572,Cryptobatrachus conditus
573,Cryptobatrachus fuhrmanni
574,Cryptobatrachus pedroruizi
575,Cryptobatrachus remotus
576,Cryptobatrachus ruthveni
577,Ctenophryne aequatorialis
578,Ctenophryne aterrima
579,Ctenophryne barbatula
580,Ctenophryne carpish
581,Ctenophryne geayi
582,Ctenophryne minor
583,Cycloramphus acangatan
584,Cycloramphus asper
585,Cycloramphus bandeirensis
586,Cycloramphus bolitoglossus
587,Cycloramphus boraceiensis
588,Cycloramphus brasiliensis
589,Cycloramphus carvalhoi
590,Cycloramphus catarinensis
591,Cycloramphus cedrensis
592,Cycloramphus diringshofeni
593,Cycloramphus dubius
594,Cycloramphus duseni
595,Cycloramphus eleutherodactylus
596,Cycloramphus faustoi
597,Cycloramphus fuliginosus
598,Cycloramphus granulosus
599,Cycloramphus izecksohni
600,Cycloramphus juimirim
601,Cycloramphus lutzorum
602,Cycloramphus migueli
603,Cycloramphus mirandaribeiroi
604,Cycloramphus ohausi
605,Cycloramphus organensis
606,Cycloramphus rhyakonastes
607,Cycloramphus semipalmatus
608,Cycloramphus stejnegeri
609,Cycloramphus valae
610,Dasypops schirchi
611,Dendrobates auratus
612,Dendrobates leucomelas
613,Dendrobates nubeculosus
614,Dendrobates tinctorius
615,Dendrobates truncatus
616,Dendrophryniscus berthalutzae
617,Dendrophryniscus brevipollicatus
618,Dendrophryniscus carvalhoi
619,Dendrophryniscus krausae
620,Dendrophryniscus leucomystax
621,Dendrophryniscus proboscideus
622,Dendrophryniscus stawiarskyi
623,Dendropsophus acreanus
624,Dendropsophus allenorum
625,Dendropsophus amicorum
626,Dendropsophus anataliasiasi
627,Dendropsophus anceps
628,Dendropsophus aperomeus
629,Dendropsophus araguaya
630,Dendropsophus baileyi
631,Dendropsophus battersbyi
632,Dendropsophus berthalutzae
633,Dendropsophus bifurcus
634,Dendropsophus bipunctatus
635,Dendropsophus bogerti
636,Dendropsophus bokermanni
637,Dendropsophus branneri
638,Dendropsophus brevifrons
639,Dendropsophus cachimbo
640,Dendropsophus carnifex
641,Dendropsophus cerradensis
642,Dendropsophus coffea
643,Dendropsophus columbianus
644,Dendropsophus cruzi
645,Dendropsophus decipiens
646,Dendropsophus delarivai
647,Dendropsophus dutrai
648,Dendropsophus ebraccatus
649,Dendropsophus elegans
650,Dendropsophus elianeae
651,Dendropsophus frosti
652,Dendropsophus garagoensis
653,Dendropsophus gaucheri
654,Dendropsophus giesleri
655,Dendropsophus gryllatus
656,Dendropsophus haddadi
657,Dendropsophus haraldschultzi
658,Dendropsophus jimi
659,Dendropsophus joannae
660,Dendropsophus juliani
661,Dendropsophus koechlini
662,Dendropsophus leali
663,Dendropsophus leucophyllatus
664,Dendropsophus limai
665,Dendropsophus luddeckei
666,Dendropsophus luteoocellatus
667,Dendropsophus manonegra
668,Dendropsophus marmoratus
669,Dendropsophus mathiassoni
670,Dendropsophus melanargyreus
671,Dendropsophus meridensis
672,Dendropsophus meridianus
673,Dendropsophus microcephalus
674,Dendropsophus microps
675,Dendropsophus minimus
676,Dendropsophus minusculus
677,Dendropsophus minutus
678,Dendropsophus miyatai
679,Dendropsophus molitor
680,Dendropsophus nahdereri
681,Dendropsophus nanus
682,Dendropsophus norandinus
683,Dendropsophus novaisi
684,Dendropsophus oliveirai
685,Dendropsophus padreluna
686,Dendropsophus parviceps
687,Dendropsophus pauiniensis
688,Dendropsophus pelidna
689,Dendropsophus phlebodes
690,Dendropsophus praestans
691,Dendropsophus pseudomeridianus
692,Dendropsophus reichlei
693,Dendropsophus rhea
694,Dendropsophus rhodopeplus
695,Dendropsophus riveroi
696,Dendropsophus rossalleni
697,Dendropsophus rubicundulus
698,Dendropsophus ruschii
699,Dendropsophus sanborni
700,Dendropsophus sarayacuensis
701,Dendropsophus schubarti
702,Dendropsophus seniculus
703,Dendropsophus soaresi
704,Dendropsophus stingi
705,Dendropsophus studerae
706,Dendropsophus subocularis
707,Dendropsophus timbeba
708,Dendropsophus tintinnabulum
709,Dendropsophus triangulum
710,Dendropsophus tritaeniatus
711,Dendropsophus virolinensis
712,Dendropsophus vraemi
713,Dendropsophus walfordi
714,Dendropsophus werneri
715,Dendropsophus xapuriensis
716,Dendropsophus yaracuyanus
717,Dermatonotus muelleri
718,Diasporus anthrax
719,Diasporus gularis
720,Diasporus quidditus
721,Diasporus tinker
722,Dischidodactylus colonnelloi
723,Dischidodactylus duidensis
724,Dryaderces inframaculata
725,Dryaderces pearsoni
726,Ecnomiohyla bailarina
727,Ecnomiohyla miliaria
728,Ecnomiohyla phantasmagoria
729,Ecnomiohyla thysanota
730,Ectopoglossus absconditus
731,Ectopoglossus atopoglossus
732,Ectopoglossus confusus
733,Ectopoglossus lacrimosus
734,Ectopoglossus saxatilis
735,Edalorhina nasuta
736,Edalorhina perezi
737,Elachistocleis bicolor
738,Elachistocleis bumbameuboi
739,Elachistocleis carvalhoi
740,Elachistocleis erythrogaster
741,Elachistocleis helianneae
742,Elachistocleis matogrosso
743,Elachistocleis ovalis
744,Elachistocleis panamensis
745,Elachistocleis pearsei
746,Elachistocleis piauiensis
747,Elachistocleis skotogaster
748,Elachistocleis surinamensis
749,Elachistocleis surumu
750,Eleutherodactylus bilineatus
751,Eleutherodactylus johnstonei
752,Eleutherodactylus planirostris
753,Engystomops coloradorum
754,Engystomops freibergi
755,Engystomops guayaco
756,Engystomops montubio
757,Engystomops petersi
758,Engystomops pustulatus
759,Engystomops pustulosus
760,Engystomops puyango
761,Engystomops randi
762,Epipedobates anthonyi
763,Epipedobates boulengeri
764,Epipedobates espinosai
765,Epipedobates machalilla
766,Epipedobates narinensis
767,Epipedobates tricolor
768,Espadarana andina
769,Espadarana audax
770,Espadarana callistomma
771,Espadarana durrellorum
772,Espadarana prosoblepon
773,Euparkerella brasiliensis
774,Euparkerella cochranae
775,Euparkerella robusta
776,Euparkerella tridactyla
777,Eupsophus calcaratus
778,Eupsophus contulmoensis
779,Eupsophus emiliopugini
780,Eupsophus insularis
781,Eupsophus migueli
782,Eupsophus nahuelbutensis
783,Eupsophus queulensis
784,Eupsophus roseus
785,Eupsophus septentrionalis
786,Eupsophus vertebralis
787,Excidobates captivus
788,Excidobates condor
789,Excidobates mysteriosus
790,Flectonotus fitzgeraldi
791,Flectonotus pygmaeus
792,Fritziana fissilis
793,Fritziana goeldii
794,Fritziana ohausi
795,Frostius erythrophthalmus
796,Frostius pernambucensis
797,Gabohyla pauloalvini
798,Gastrotheca abdita
799,Gastrotheca aguaruna
800,Gastrotheca albolineata
801,Gastrotheca andaquiensis
802,Gastrotheca angustifrons
803,Gastrotheca antomia
804,Gastrotheca antoniiochoai
805,Gastrotheca aratia
806,Gastrotheca argenteovirens
807,Gastrotheca atympana
808,Gastrotheca aureomaculata
809,Gastrotheca bufona
810,Gastrotheca carinaceps
811,Gastrotheca christiani
812,Gastrotheca chrysosticta
813,Gastrotheca cornuta
814,Gastrotheca dendronastes
815,Gastrotheca dunni
816,Gastrotheca dysprosita
817,Gastrotheca ernestoi
818,Gastrotheca espeletia
819,Gastrotheca excubitor
820,Gastrotheca fissipes
821,Gastrotheca flamma
822,Gastrotheca fulvorufa
823,Gastrotheca galeata
824,Gastrotheca gracilis
825,Gastrotheca griswoldi
826,Gastrotheca guentheri
827,Gastrotheca helenae
828,Gastrotheca lateonota
829,Gastrotheca lauzuricae
830,Gastrotheca litonedis
831,Gastrotheca lojana
832,Gastrotheca longipes
833,Gastrotheca marsupiata
834,Gastrotheca microdiscus
835,Gastrotheca monticola
836,Gastrotheca nebulanastes
837,Gastrotheca nicefori
838,Gastrotheca ochoai
839,Gastrotheca oresbios
840,Gastrotheca orophylax
841,Gastrotheca ossilaginis
842,Gastrotheca ovifera
843,Gastrotheca pacchamama
844,Gastrotheca pachachacae
845,Gastrotheca peruana
846,Gastrotheca phalarosa
847,Gastrotheca phelloderma
848,Gastrotheca piperata
849,Gastrotheca plumbea
850,Gastrotheca pseustes
851,Gastrotheca psychrophila
852,Gastrotheca rebeccae
853,Gastrotheca riobambae
854,Gastrotheca ruizi
855,Gastrotheca spectabilis
856,Gastrotheca splendens
857,Gastrotheca stictopleura
858,Gastrotheca testudinea
859,Gastrotheca trachyceps
860,Gastrotheca walkeri
861,Gastrotheca weinlandii
862,Gastrotheca williamsoni
863,Gastrotheca zeugocystis
864,Geobatrachus walkeri
865,Haddadus aramunha
866,Haddadus binotatus
867,Haddadus plicifer
868,Hamptophryne alios
869,Hamptophryne boliviana
870,Hemiphractus bubalus
871,Hemiphractus fasciatus
872,Hemiphractus helioi
873,Hemiphractus johnsoni
874,Hemiphractus proboscideus
875,Hemiphractus scutatus
876,Holoaden bradei
877,Holoaden luederwaldti
878,Holoaden pholeter
879,Hyalinobatrachium anachoretus
880,Hyalinobatrachium aureoguttatum
881,Hyalinobatrachium bergeri
882,Hyalinobatrachium chirripoi
883,Hyalinobatrachium colymbiphyllum
884,Hyalinobatrachium crurifasciatum
885,Hyalinobatrachium duranti
886,Hyalinobatrachium eccentricum
887,Hyalinobatrachium esmeralda
888,Hyalinobatrachium fleischmanni
889,Hyalinobatrachium fragile
890,Hyalinobatrachium guairarepanense
891,Hyalinobatrachium iaspidiense
892,Hyalinobatrachium ibama
893,Hyalinobatrachium ignioculus
894,Hyalinobatrachium kawense
895,Hyalinobatrachium mesai
896,Hyalinobatrachium mondolfii
897,Hyalinobatrachium munozorum
898,Hyalinobatrachium nouraguense
899,Hyalinobatrachium orientale
900,Hyalinobatrachium orocostale
901,Hyalinobatrachium pallidum
902,Hyalinobatrachium pellucidum
903,Hyalinobatrachium ruedai
904,Hyalinobatrachium tatayoi
905,Hyalinobatrachium taylori
906,Hyalinobatrachium tricolor
907,Hyalinobatrachium valerioi
908,Hydrolaetare caparu
909,Hydrolaetare dantasi
910,Hydrolaetare schmidti
911,Hyla imitator
912,Hyla nicefori
913,Hylodes amnicola
914,Hylodes asper
915,Hylodes babax
916,Hylodes cardosoi
917,Hylodes charadranaetes
918,Hylodes dactylocinus
919,Hylodes fredi
920,Hylodes glaber
921,Hylodes heyeri
922,Hylodes lateristrigatus
923,Hylodes magalhaesi
924,Hylodes meridionalis
925,Hylodes mertensi
926,Hylodes nasus
927,Hylodes ornatus
928,Hylodes otavioi
929,Hylodes perplicatus
930,Hylodes phyllodes
931,Hylodes pipilans
932,Hylodes regius
933,Hylodes sazimai
934,Hylodes uai
935,Hylodes vanzolinii
936,Hylorina sylvatica
937,Hyloscirtus albopunctulatus
938,Hyloscirtus alytolylax
939,Hyloscirtus antioquia
940,Hyloscirtus armatus
941,Hyloscirtus bogotensis
942,Hyloscirtus callipeza
943,Hyloscirtus caucanus
944,Hyloscirtus charazani
945,Hyloscirtus chlorosteus
946,Hyloscirtus colymba
947,Hyloscirtus criptico
948,Hyloscirtus denticulentus
949,Hyloscirtus diabolus
950,Hyloscirtus jahni
951,Hyloscirtus japreria
952,Hyloscirtus larinopygion
953,Hyloscirtus lascinius
954,Hyloscirtus lindae
955,Hyloscirtus lynchi
956,Hyloscirtus pacha
957,Hyloscirtus palmeri
958,Hyloscirtus pantostictus
959,Hyloscirtus phyllognathus
960,Hyloscirtus piceigularis
961,Hyloscirtus platydactylus
962,Hyloscirtus psarolaimus
963,Hyloscirtus ptychodactylus
964,Hyloscirtus sarampiona
965,Hyloscirtus simmonsi
966,Hyloscirtus staufferorum
967,Hyloscirtus tapichalaca
968,Hyloscirtus tigrinus
969,Hyloscirtus torrenticola
970,Hyloxalus abditaurantius
971,Hyloxalus aeruginosus
972,Hyloxalus anthracinus
973,Hyloxalus awa
974,Hyloxalus azureiventris
975,Hyloxalus betancuri
976,Hyloxalus bocagei
977,Hyloxalus borjai
978,Hyloxalus breviquartus
979,Hyloxalus cevallosi
980,Hyloxalus chlorocraspedus
981,Hyloxalus chocoensis
982,Hyloxalus craspedoceps
983,Hyloxalus delatorreae
984,Hyloxalus edwardsi
985,Hyloxalus elachyhistus
986,Hyloxalus eleutherodactylus
987,Hyloxalus exasperatus
988,Hyloxalus excisus
989,Hyloxalus faciopunctulatus
990,Hyloxalus fallax
991,Hyloxalus fascianigrus
992,Hyloxalus fuliginosus
993,Hyloxalus idiomelus
994,Hyloxalus infraguttatus
995,Hyloxalus insulatus
996,Hyloxalus italoi
997,Hyloxalus lehmanni
998,Hyloxalus leucophaeus
999,Hyloxalus littoralis
1000,Hyloxalus maculosus
1001,Hyloxalus maquipucuna
1002,Hyloxalus marmoreoventris
1003,Hyloxalus mittermeieri
1004,Hyloxalus mystax
1005,Hyloxalus nexipus
1006,Hyloxalus parcus
1007,Hyloxalus patitae
1008,Hyloxalus peculiaris
1009,Hyloxalus peruvianus
1010,Hyloxalus pinguis
1011,Hyloxalus pulchellus
1012,Hyloxalus pulcherrimus
1013,Hyloxalus pumilus
1014,Hyloxalus ramosi
1015,Hyloxalus ruizi
1016,Hyloxalus saltuarius
1017,Hyloxalus sauli
1018,Hyloxalus shuar
1019,Hyloxalus sordidatus
1020,Hyloxalus spilotogaster
1021,Hyloxalus subpunctatus
1022,Hyloxalus sylvaticus
1023,Hyloxalus toachi
1024,Hyloxalus utcubambensis
1025,Hyloxalus vergeli
1026,Hyloxalus vertebralis
1027,Ikakogi tayrona
1028,Incilius coniferus
1029,Insuetophrynus acarpicus
1030,Ischnocnema bolbodactyla
1031,Ischnocnema epipeda
1032,Ischnocnema erythromera
1033,Ischnocnema gehrti
1034,Ischnocnema gualteri
1035,Ischnocnema guentheri
1036,Ischnocnema henselii
1037,Ischnocnema hoehnei
1038,Ischnocnema holti
1039,Ischnocnema izecksohni
1040,Ischnocnema juipoca
1041,Ischnocnema lactea
1042,Ischnocnema manezinho
1043,Ischnocnema nasuta
1044,Ischnocnema nigriventris
1045,Ischnocnema octavioi
1046,Ischnocnema oea
1047,Ischnocnema paranaensis
1048,Ischnocnema parva
1049,Ischnocnema penaxavantinho
1050,Ischnocnema pusilla
1051,Ischnocnema randorum
1052,Ischnocnema sambaqui
1053,Ischnocnema spanios
1054,Ischnocnema venancioi
1055,Ischnocnema verrucosa
1056,Itapotihyla langsdorffii
1057,Lepidobatrachus asper
1058,Lepidobatrachus laevis
1059,Lepidobatrachus llanensis
1060,Leptodactylus bolivianus
1061,Leptodactylus bufonius
1062,Leptodactylus caatingae
1063,Leptodactylus camaquara
1064,Leptodactylus chaquensis
1065,Leptodactylus colombiensis
1066,Leptodactylus cunicularius
1067,Leptodactylus cupreus
1068,Leptodactylus didymus
1069,Leptodactylus diedrus
1070,Leptodactylus discodactylus
1071,Leptodactylus elenae
1072,Leptodactylus flavopictus
1073,Leptodactylus fragilis
1074,Leptodactylus furnarius
1075,Leptodactylus fuscus
1076,Leptodactylus gracilis
1077,Leptodactylus griseigularis
1078,Leptodactylus hylodes
1079,Leptodactylus insularum
1080,Leptodactylus jolyi
1081,Leptodactylus knudseni
1082,Leptodactylus labrosus
1083,Leptodactylus labyrinthicus
1084,Leptodactylus laticeps
1085,Leptodactylus latinasus
1086,Leptodactylus latrans
1087,Leptodactylus lauramiriamae
1088,Leptodactylus leptodactyloides
1089,Leptodactylus lithonaetes
1090,Leptodactylus longirostris
1091,Leptodactylus magistris
1092,Leptodactylus marambaiae
1093,Leptodactylus melanonotus
1094,Leptodactylus myersi
1095,Leptodactylus mystaceus
1096,Leptodactylus mystacinus
1097,Leptodactylus natalensis
1098,Leptodactylus nesiotus
1099,Leptodactylus notoaktites
1100,Leptodactylus pallidirostris
1101,Leptodactylus paraensis
1102,Leptodactylus pascoensis
1103,Leptodactylus pentadactylus
1104,Leptodactylus peritoaktites
1105,Leptodactylus petersii
1106,Leptodactylus plaumanni
1107,Leptodactylus podicipinus
1108,Leptodactylus poecilochilus
1109,Leptodactylus pustulatus
1110,Leptodactylus rhodomerus
1111,Leptodactylus rhodomystax
1112,Leptodactylus rhodonotus
1113,Leptodactylus riveroi
1114,Leptodactylus rugosus
1115,Leptodactylus sabanensis
1116,Leptodactylus savagei
1117,Leptodactylus sertanejo
1118,Leptodactylus spixi
1119,Leptodactylus stenodema
1120,Leptodactylus syphax
1121,Leptodactylus tapiti
1122,Leptodactylus troglodytes
1123,Leptodactylus turimiquensis
1124,Leptodactylus vastus
1125,Leptodactylus ventrimaculatus
1126,Leptodactylus viridis
1127,Leptodactylus wagneri
1128,Leucostethus argyrogaster
1129,Leucostethus brachistriatus
1130,Leucostethus fraterdanieli
1131,Leucostethus fugax
1132,Leucostethus ramirezi
1133,Limnomedusa macroglossa
1134,Lithobates bwana
1135,Lithobates catesbeianus
1136,Lithobates palmipes
1137,Lithobates vaillanti
1138,Lithodytes lineatus
1139,Lynchius flavomaculatus
1140,Lynchius nebulanastes
1141,Lynchius oblitus
1142,Lynchius parkeri
1143,Lynchius simmonsi
1144,Lynchius tabaconas
1145,Lysapsus bolivianus
1146,Lysapsus caraya
1147,Lysapsus laevis
1148,Lysapsus limellum
1149,Macrogenioglottus alipioi
1150,Mannophryne caquetio
1151,Mannophryne collaris
1152,Mannophryne cordilleriana
1153,Mannophryne herminae
1154,Mannophryne lamarcai
1155,Mannophryne larandina
1156,Mannophryne leonardoi
1157,Mannophryne molinai
1158,Mannophryne neblina
1159,Mannophryne oblitterata
1160,Mannophryne orellana
1161,Mannophryne riveroi
1162,Mannophryne speeri
1163,Mannophryne trujillensis
1164,Mannophryne urticans
1165,Mannophryne venezuelensis
1166,Mannophryne vulcano
1167,Mannophryne yustizi
1168,Megaelosia apuana
1169,Megaelosia bocainensis
1170,Megaelosia boticariana
1171,Megaelosia goeldii
1172,Megaelosia jordanensis
1173,Megaelosia lutzae
1174,Megaelosia massarti
1175,Melanophryniscus admirabilis
1176,Melanophryniscus alipioi
1177,Melanophryniscus atroluteus
1178,Melanophryniscus cambaraensis
1179,Melanophryniscus cupreuscapularis
1180,Melanophryniscus devincenzii
1181,Melanophryniscus dorsalis
1182,Melanophryniscus estebani
1183,Melanophryniscus fulvoguttatus
1184,Melanophryniscus klappenbachi
1185,Melanophryniscus krauczuki
1186,Melanophryniscus langonei
1187,Melanophryniscus macrogranulosus
1188,Melanophryniscus montevidensis
1189,Melanophryniscus moreirae
1190,Melanophryniscus orejasmirandai
1191,Melanophryniscus pachyrhynus
1192,Melanophryniscus peritus
1193,Melanophryniscus rubriventris
1194,Melanophryniscus sanmartini
1195,Melanophryniscus simplex
1196,Melanophryniscus spectabilis
1197,Melanophryniscus stelzneri
1198,Melanophryniscus tumifrons
1199,Metaphryniscus sosai
1200,Microkayla adenopleura
1201,Microkayla ankohuma
1202,Microkayla boettgeri
1203,Microkayla chacaltaya
1204,Microkayla chaupi
1205,Microkayla colla
1206,Microkayla condoriri
1207,Microkayla guillei
1208,Microkayla harveyi
1209,Microkayla huayna
1210,Microkayla iani
1211,Microkayla iatamasi
1212,Microkayla illampu
1213,Microkayla illimani
1214,Microkayla kallawaya
1215,Microkayla katantika
1216,Microkayla kempffi
1217,Microkayla melanocheira
1218,Microkayla pinguis
1219,Microkayla quimsacruzis
1220,Microkayla saltator
1221,Microkayla teqta
1222,Microkayla wettsteini
1223,Minyobates steyermarki
1224,Myersiella microps
1225,Myersiohyla aromatica
1226,Myersiohyla inparquesi
1227,Myersiohyla liliae
1228,Myersiohyla loveridgei
1229,Myersiohyla neblinaria
1230,Nannophryne apolobambica
1231,Nannophryne cophotis
1232,Nannophryne corynetes
1233,Nannophryne variegata
1234,Nesorohyla kanaima
1235,Niceforonia adenobrachia
1236,Niceforonia aderca
1237,Niceforonia araiodactyla
1238,Niceforonia babax
1239,Niceforonia brunnea
1240,Niceforonia dolops
1241,Niceforonia elassodiscus
1242,Niceforonia fallaciosa
1243,Niceforonia latens
1244,Niceforonia lucida
1245,Niceforonia mantipus
1246,Niceforonia nana
1247,Niceforonia nigrovittata
1248,Niceforonia peraccai
1249,Noblella carrascoicola
1250,Noblella coloma
1251,Noblella duellmani
1252,Noblella heyeri
1253,Noblella lochites
1254,Noblella lynchi
1255,Noblella madreselva
1256,Noblella myrmecoides
1257,Noblella personina
1258,Noblella peruviana
1259,Noblella pygmaea
1260,Noblella ritarasquinae
1261,Nyctimantis rugiceps
1262,Nymphargus anomalus
1263,Nymphargus armatus
1264,Nymphargus balionotus
1265,Nymphargus bejaranoi
1266,Nymphargus buenaventura
1267,Nymphargus cariticommatus
1268,Nymphargus caucanus
1269,Nymphargus chami
1270,Nymphargus chancas
1271,Nymphargus cochranae
1272,Nymphargus cristinae
1273,Nymphargus garciae
1274,Nymphargus grandisonae
1275,Nymphargus griffithsi
1276,Nymphargus ignotus
1277,Nymphargus laurae
1278,Nymphargus luminosus
1279,Nymphargus luteopunctatus
1280,Nymphargus manduriacu
1281,Nymphargus mariae
1282,Nymphargus megacheirus
1283,Nymphargus mixomaculatus
1284,Nymphargus nephelophila
1285,Nymphargus ocellatus
1286,Nymphargus oreonympha
1287,Nymphargus phenax
1288,Nymphargus pluvialis
1289,Nymphargus posadae
1290,Nymphargus prasinus
1291,Nymphargus rosada
1292,Nymphargus ruizi
1293,Nymphargus siren
1294,Nymphargus spilotus
1295,Nymphargus truebae
1296,Nymphargus vicenteruedai
1297,Nymphargus wileyi
1298,Odontophrynus achalensis
1299,Odontophrynus americanus
1300,Odontophrynus barrioi
1301,Odontophrynus carvalhoi
1302,Odontophrynus cordobae
1303,Odontophrynus cultripes
1304,Odontophrynus lavillai
1305,Odontophrynus occidentalis
1306,Ololygon agilis
1307,Ololygon albicans
1308,Ololygon alcatraz
1309,Ololygon angrensis
1310,Ololygon arduous
1311,Ololygon argyreornata
1312,Ololygon ariadne
1313,Ololygon aromothyella
1314,Ololygon atrata
1315,Ololygon belloni
1316,Ololygon berthae
1317,Ololygon brieni
1318,Ololygon canastrensis
1319,Ololygon carnevallii
1320,Ololygon catharinae
1321,Ololygon centralis
1322,Ololygon faivovichi
1323,Ololygon flavoguttata
1324,Ololygon heyeri
1325,Ololygon hiemalis
1326,Ololygon humilis
1327,Ololygon insperata
1328,Ololygon jureia
1329,Ololygon kautskyi
1330,Ololygon littoralis
1331,Ololygon littoreus
1332,Ololygon longilinea
1333,Ololygon luizotavioi
1334,Ololygon machadoi
1335,Ololygon melloi
1336,Ololygon muriciensis
1337,Ololygon obtriangulata
1338,Ololygon peixotoi
1339,Ololygon perpusilla
1340,Ololygon ranki
1341,Ololygon rizibilis
1342,Ololygon skuki
1343,Ololygon trapicheiroi
1344,Ololygon v-signata
1345,Oophaga anchicayensis
1346,Oophaga andresi
1347,Oophaga occultator
1348,Oophaga solanensis
1349,Oophaga sylvatica
1350,Oreobates amarakaeri
1351,Oreobates ayacucho
1352,Oreobates barituensis
1353,Oreobates berdemenos
1354,Oreobates choristolemma
1355,Oreobates crepitans
1356,Oreobates cruralis
1357,Oreobates discoidalis
1358,Oreobates gemcare
1359,Oreobates granulosus
1360,Oreobates heterodactylus
1361,Oreobates ibischi
1362,Oreobates lehri
1363,Oreobates lundbergi
1364,Oreobates machiguenga
1365,Oreobates madidi
1366,Oreobates pereger
1367,Oreobates quixensis
1368,Oreobates sanctaecrucis
1369,Oreobates sanderi
1370,Oreobates saxatilis
1371,Oreobates yanucu
1372,Oreobates zongoensis
1373,Oreophrynella cryptica
1374,Oreophrynella dendronastes
1375,Oreophrynella huberi
1376,Oreophrynella macconnelli
1377,Oreophrynella nigra
1378,Oreophrynella quelchii
1379,Oreophrynella seegobini
1380,Oreophrynella vasquezi
1381,Oreophrynella weiassipuensis
1382,Osornophryne antisana
1383,Osornophryne bufoniformis
1384,Osornophryne cofanorum
1385,Osornophryne guacamayo
1386,Osornophryne percrassa
1387,Osornophryne puruanta
1388,Osornophryne sumacoensis
1389,Osornophryne talipes
1390,Osteocephalus alboguttatus
1391,Osteocephalus buckleyi
1392,Osteocephalus cabrerai
1393,Osteocephalus castaneicola
1394,Osteocephalus deridens
1395,Osteocephalus elkejungingerae
1396,Osteocephalus fuscifacies
1397,Osteocephalus heyeri
1398,Osteocephalus leoniae
1399,Osteocephalus leprieurii
1400,Osteocephalus mutabor
1401,Osteocephalus oophagus
1402,Osteocephalus planiceps
1403,Osteocephalus subtilis
1404,Osteocephalus taurinus
1405,Osteocephalus verruciger
1406,Osteocephalus yasuni
1407,Otophryne pyburni
1408,Otophryne robusta
1409,Otophryne steyermarki
1410,Paratelmatobius cardosoi
1411,Paratelmatobius gaigeae
1412,Paratelmatobius lutzii
1413,Paratelmatobius mantiqueira
1414,Paratelmatobius poecilogaster
1415,Paruwrobates andinus
1416,Paruwrobates erythromos
1417,Paruwrobates whymperi
1418,Phasmahyla cochranae
1419,Phasmahyla exilis
1420,Phasmahyla guttata
1421,Phasmahyla jandaia
1422,Phasmahyla spectabilis
1423,Phasmahyla timbo
1424,Phrynomedusa appendiculata
1425,Phrynomedusa bokermanni
1426,Phrynomedusa fimbriata
1427,Phrynomedusa marginata
1428,Phrynomedusa vanzolinii
1429,Phrynopus anancites
1430,Phrynopus auriculatus
1431,Phrynopus badius
1432,Phrynopus barthlenae
1433,Phrynopus bracki
1434,Phrynopus bufoides
1435,Phrynopus capitalis
1436,Phrynopus chaparroi
1437,Phrynopus curator
1438,Phrynopus daemon
1439,Phrynopus dagmarae
1440,Phrynopus dumicola
1441,Phrynopus heimorum
1442,Phrynopus horstpauli
1443,Phrynopus interstinctus
1444,Phrynopus inti
1445,Phrynopus juninensis
1446,Phrynopus kauneorum
1447,Phrynopus kotosh
1448,Phrynopus lapidoides
1449,Phrynopus lechriorhynchus
1450,Phrynopus miroslawae
1451,Phrynopus montium
1452,Phrynopus nicoleae
1453,Phrynopus oblivius
1454,Phrynopus paucari
1455,Phrynopus personatus
1456,Phrynopus peruanus
1457,Phrynopus pesantesi
1458,Phrynopus tautzorum
1459,Phrynopus thompsoni
1460,Phrynopus tribulosus
1461,Phrynopus unchog
1462,Phrynopus valquii
1463,Phrynopus vestigiatus
1464,Phyllobates aurotaenia
1465,Phyllobates bicolor
1466,Phyllobates terribilis
1467,Phyllodytes acuminatus
1468,Phyllodytes brevirostris
1469,Phyllodytes edelmoi
1470,Phyllodytes gyrinaethes
1471,Phyllodytes kautskyi
1472,Phyllodytes luteolus
1473,Phyllodytes maculosus
1474,Phyllodytes melanomystax
1475,Phyllodytes punctatus
1476,Phyllodytes tuberculosus
1477,Phyllodytes wuchereri
1478,Phyllomedusa araguari
1479,Phyllomedusa bahiana
1480,Phyllomedusa bicolor
1481,Phyllomedusa boliviana
1482,Phyllomedusa burmeisteri
1483,Phyllomedusa camba
1484,Phyllomedusa coelestis
1485,Phyllomedusa distincta
1486,Phyllomedusa iheringii
1487,Phyllomedusa itacolomi
1488,Phyllomedusa neildi
1489,Phyllomedusa sauvagii
1490,Phyllomedusa tarsius
1491,Phyllomedusa tetraploidea
1492,Phyllomedusa trinitatis
1493,Phyllomedusa vaillantii
1494,Phyllomedusa venusta
1495,Physalaemus aguirrei
1496,Physalaemus albifrons
1497,Physalaemus albonotatus
1498,Physalaemus angrensis
1499,Physalaemus atlanticus
1500,Physalaemus barrioi
1501,Physalaemus biligonigerus
1502,Physalaemus bokermanni
1503,Physalaemus caete
1504,Physalaemus camacan
1505,Physalaemus centralis
1506,Physalaemus cicada
1507,Physalaemus crombiei
1508,Physalaemus cuqui
1509,Physalaemus cuvieri
1510,Physalaemus deimaticus
1511,Physalaemus ephippifer
1512,Physalaemus erikae
1513,Physalaemus erythros
1514,Physalaemus evangelistai
1515,Physalaemus fernandezae
1516,Physalaemus fischeri
1517,Physalaemus gracilis
1518,Physalaemus henselii
1519,Physalaemus insperatus
1520,Physalaemus irroratus
1521,Physalaemus jordanensis
1522,Physalaemus kroyeri
1523,Physalaemus lisei
1524,Physalaemus maculiventris
1525,Physalaemus marmoratus
1526,Physalaemus maximus
1527,Physalaemus moreirae
1528,Physalaemus nanus
1529,Physalaemus nattereri
1530,Physalaemus obtectus
1531,Physalaemus olfersii
1532,Physalaemus riograndensis
1533,Physalaemus rupestris
1534,Physalaemus santafecinus
1535,Physalaemus signifer
1536,Physalaemus soaresi
1537,Physalaemus spiniger
1538,Phytotriades auratus
1539,Phyzelaphryne miriamae
1540,Pipa arrabali
1541,Pipa aspera
1542,Pipa carvalhoi
1543,Pipa myersi
1544,Pipa parva
1545,Pipa pipa
1546,Pipa snethlageae
1547,Pithecopus ayeaye
1548,Pithecopus azureus
1549,Pithecopus centralis
1550,Pithecopus hypochondrialis
1551,Pithecopus megacephalus
1552,Pithecopus nordestinus
1553,Pithecopus oreades
1554,Pithecopus palliatus
1555,Pithecopus rohdei
1556,Pleurodema bibroni
1557,Pleurodema borellii
1558,Pleurodema brachyops
1559,Pleurodema bufoninum
1560,Pleurodema cinereum
1561,Pleurodema cordobae
1562,Pleurodema diplolister
1563,Pleurodema fuscomaculatum
1564,Pleurodema guayapae
1565,Pleurodema kriegi
1566,Pleurodema marmoratum
1567,Pleurodema nebulosum
1568,Pleurodema somuncurense
1569,Pleurodema thaul
1570,Pleurodema tucumanum
1571,Pristimantis aaptus
1572,Pristimantis abakapa
1573,Pristimantis acatallelus
1574,Pristimantis acerus
1575,Pristimantis achatinus
1576,Pristimantis achuar
1577,Pristimantis actinolaimus
1578,Pristimantis actites
1579,Pristimantis acuminatus
1580,Pristimantis acutirostris
1581,Pristimantis adiastolus
1582,Pristimantis aemulatus
1583,Pristimantis affinis
1584,Pristimantis alalocophus
1585,Pristimantis albericoi
1586,Pristimantis albertus
1587,Pristimantis altamazonicus
1588,Pristimantis altamnis
1589,Pristimantis ameliae
1590,Pristimantis amydrotus
1591,Pristimantis anemerus
1592,Pristimantis angustilineatus
1593,Pristimantis aniptopalmatus
1594,Pristimantis anolirex
1595,Pristimantis anotis
1596,Pristimantis apiculatus
1597,Pristimantis appendiculatus
1598,Pristimantis aquilonaris
1599,Pristimantis ardalonychus
1600,Pristimantis ashaninka
1601,Pristimantis atrabracus
1602,Pristimantis atratus
1603,Pristimantis attenboroughi
1604,Pristimantis aurantiguttatus
1605,Pristimantis aureolineatus
1606,Pristimantis aureoventris
1607,Pristimantis auricarens
1608,Pristimantis avicuporum
1609,Pristimantis avius
1610,Pristimantis bacchus
1611,Pristimantis baiotis
1612,Pristimantis balionotus
1613,Pristimantis bambu
1614,Pristimantis baryecuus
1615,Pristimantis batrachites
1616,Pristimantis bearsei
1617,Pristimantis bellator
1618,Pristimantis bellona
1619,Pristimantis bernali
1620,Pristimantis bicolor
1621,Pristimantis bicumulus
1622,Pristimantis bipunctatus
1623,Pristimantis boconoensis
1624,Pristimantis bogotensis
1625,Pristimantis boucephalus
1626,Pristimantis boulengeri
1627,Pristimantis bounides
1628,Pristimantis brevifrons
1629,Pristimantis briceni
1630,Pristimantis bromeliaceus
1631,Pristimantis buccinator
1632,Pristimantis buckleyi
1633,Pristimantis bustamante
1634,Pristimantis cabrerai
1635,Pristimantis cacao
1636,Pristimantis caeruleonotus
1637,Pristimantis cajamarcensis
1638,Pristimantis calcaratus
1639,Pristimantis calcarulatus
1640,Pristimantis cantitans
1641,Pristimantis capitonis
1642,Pristimantis caprifer
1643,Pristimantis carlossanchezi
1644,Pristimantis carmelitae
1645,Pristimantis carranguerorum
1646,Pristimantis carvalhoi
1647,Pristimantis cedros
1648,Pristimantis celator
1649,Pristimantis ceuthospilus
1650,Pristimantis chalceus
1651,Pristimantis chiastonotus
1652,Pristimantis chimu
1653,Pristimantis chloronotus
1654,Pristimantis chrysops
1655,Pristimantis citriogaster
1656,Pristimantis colodactylus
1657,Pristimantis colomai
1658,Pristimantis colonensis
1659,Pristimantis colostichos
1660,Pristimantis condor
1661,Pristimantis conservatio
1662,Pristimantis conspicillatus
1663,Pristimantis cordovae
1664,Pristimantis corniger
1665,Pristimantis coronatus
1666,Pristimantis corrugatus
1667,Pristimantis cosnipatae
1668,Pristimantis cremnobates
1669,Pristimantis crenunguis
1670,Pristimantis cristinae
1671,Pristimantis croceoinguinis
1672,Pristimantis crucifer
1673,Pristimantis cruciocularis
1674,Pristimantis cruentus
1675,Pristimantis cryophilius
1676,Pristimantis cryptomelas
1677,Pristimantis cuentasi
1678,Pristimantis culatensis
1679,Pristimantis cuneirostris
1680,Pristimantis curtipes
1681,Pristimantis danae
1682,Pristimantis degener
1683,Pristimantis deinops
1684,Pristimantis delicatus
1685,Pristimantis delius
1686,Pristimantis dendrobatoides
1687,Pristimantis devillei
1688,Pristimantis deyi
1689,Pristimantis diadematus
1690,Pristimantis diaphonus
1691,Pristimantis diogenes
1692,Pristimantis dissimulatus
1693,Pristimantis divnae
1694,Pristimantis dorado
1695,Pristimantis dorsopictus
1696,Pristimantis duellmani
1697,Pristimantis duende
1698,Pristimantis dundeei
1699,Pristimantis elegans
1700,Pristimantis enigmaticus
1701,Pristimantis epacrus
1702,Pristimantis eremitus
1703,Pristimantis eriphus
1704,Pristimantis ernesti
1705,Pristimantis erythropleura
1706,Pristimantis esmeraldas
1707,Pristimantis eugeniae
1708,Pristimantis eurydactylus
1709,Pristimantis exoristus
1710,Pristimantis factiosus
1711,Pristimantis fallax
1712,Pristimantis farisorum
1713,Pristimantis fasciatus
1714,Pristimantis fenestratus
1715,Pristimantis festae
1716,Pristimantis fetosus
1717,Pristimantis flabellidiscus
1718,Pristimantis floridus
1719,Pristimantis frater
1720,Pristimantis gaigei
1721,Pristimantis galdi
1722,Pristimantis ganonotus
1723,Pristimantis geminus
1724,Pristimantis gentryi
1725,Pristimantis ginesi
1726,Pristimantis gladiator
1727,Pristimantis glandulosus
1728,Pristimantis gracilis
1729,Pristimantis grandiceps
1730,Pristimantis grandoculis
1731,Pristimantis gryllus
1732,Pristimantis guaiquinimensis
1733,Pristimantis gutturalis
1734,Pristimantis hamiotae
1735,Pristimantis hectus
1736,Pristimantis helvolus
1737,Pristimantis hernandezi
1738,Pristimantis hoogmoedi
1739,Pristimantis huicundo
1740,Pristimantis humboldti
1741,Pristimantis hybotragus
1742,Pristimantis ignicolor
1743,Pristimantis iiap
1744,Pristimantis illotus
1745,Pristimantis imitatrix
1746,Pristimantis imthurni
1747,Pristimantis incanus
1748,Pristimantis incertus
1749,Pristimantis incomptus
1750,Pristimantis infraguttatus
1751,Pristimantis inguinalis
1752,Pristimantis insignitus
1753,Pristimantis inusitatus
1754,Pristimantis ixalus
1755,Pristimantis jabonensis
1756,Pristimantis jaguensis
1757,Pristimantis jaimei
1758,Pristimantis jamescameroni
1759,Pristimantis jester
1760,Pristimantis johannesdei
1761,Pristimantis jorgevelosai
1762,Pristimantis juanchoi
1763,Pristimantis jubatus
1764,Pristimantis karcharias
1765,Pristimantis kareliae
1766,Pristimantis katoptroides
1767,Pristimantis kelephus
1768,Pristimantis kichwarum
1769,Pristimantis kirklandi
1770,Pristimantis labiosus
1771,Pristimantis lacrimosus
1772,Pristimantis lancinii
1773,Pristimantis lanthanites
1774,Pristimantis lasalleorum
1775,Pristimantis laticlavius
1776,Pristimantis latidiscus
1777,Pristimantis lemur
1778,Pristimantis leoni
1779,Pristimantis leopardus
1780,Pristimantis leptolophus
1781,Pristimantis leucopus
1782,Pristimantis leucorrhinus
1783,Pristimantis librarius
1784,Pristimantis lichenoides
1785,Pristimantis limoncochensis
1786,Pristimantis lindae
1787,Pristimantis lirellus
1788,Pristimantis lividus
1789,Pristimantis llojsintuta
1790,Pristimantis longicorpus
1791,Pristimantis loustes
1792,Pristimantis lucasi
1793,Pristimantis luscombei
1794,Pristimantis luteolateralis
1795,Pristimantis lutitus
1796,Pristimantis lymani
1797,Pristimantis lynchi
1798,Pristimantis lythrodes
1799,Pristimantis maculosus
1800,Pristimantis malkini
1801,Pristimantis marahuaka
1802,Pristimantis mariaelenae
1803,Pristimantis marmoratus
1804,Pristimantis mars
1805,Pristimantis martiae
1806,Pristimantis medemi
1807,Pristimantis megalops
1808,Pristimantis melanogaster
1809,Pristimantis melanoproctus
1810,Pristimantis memorans
1811,Pristimantis mendax
1812,Pristimantis meridionalis
1813,Pristimantis merostictus
1814,Pristimantis metabates
1815,Pristimantis minutulus
1816,Pristimantis miyatai
1817,Pristimantis mnionaetes
1818,Pristimantis modipeplus
1819,Pristimantis molybrignus
1820,Pristimantis mondolfii
1821,Pristimantis moro
1822,Pristimantis muchimuk
1823,Pristimantis muricatus
1824,Pristimantis muscosus
1825,Pristimantis mutabilis
1826,Pristimantis myersi
1827,Pristimantis myops
1828,Pristimantis nebulosus
1829,Pristimantis nephophilus
1830,Pristimantis nervicus
1831,Pristimantis nicefori
1832,Pristimantis nigrogriseus
1833,Pristimantis nubisilva
1834,Pristimantis nyctophylax
1835,Pristimantis obmutescens
1836,Pristimantis ocellatus
1837,Pristimantis ockendeni
1838,Pristimantis ocreatus
1839,Pristimantis olivaceus
1840,Pristimantis omeviridis
1841,Pristimantis orcesi
1842,Pristimantis orcus
1843,Pristimantis orestes
1844,Pristimantis ornatissimus
1845,Pristimantis ornatus
1846,Pristimantis orpacobates
1847,Pristimantis orphnolaimus
1848,Pristimantis ortizi
1849,Pristimantis padiali
1850,Pristimantis padrecarlosi
1851,Pristimantis pahuma
1852,Pristimantis paisa
1853,Pristimantis palmeri
1854,Pristimantis paramerus
1855,Pristimantis pardalinus
1856,Pristimantis parectatus
1857,Pristimantis pariagnomus
1858,Pristimantis parvillus
1859,Pristimantis pastazensis
1860,Pristimantis pataikos
1861,Pristimantis paulodutrai
1862,Pristimantis paululus
1863,Pristimantis pecki
1864,Pristimantis pedimontanus
1865,Pristimantis penelopus
1866,Pristimantis peraticus
1867,Pristimantis percnopterus
1868,Pristimantis percultus
1869,Pristimantis permixtus
1870,Pristimantis peruvianus
1871,Pristimantis petersi
1872,Pristimantis petrobardus
1873,Pristimantis phalaroinguinis
1874,Pristimantis phalarus
1875,Pristimantis pharangobates
1876,Pristimantis philipi
1877,Pristimantis phoxocephalus
1878,Pristimantis phragmipleuron
1879,Pristimantis piceus
1880,Pristimantis pinguis
1881,Pristimantis platychilus
1882,Pristimantis platydactylus
1883,Pristimantis pleurostriatus
1884,Pristimantis pluvialis
1885,Pristimantis polemistes
1886,Pristimantis polychrus
1887,Pristimantis prolatus
1888,Pristimantis proserpens
1889,Pristimantis pruinatus
1890,Pristimantis pseudoacuminatus
1891,Pristimantis pteridophilus
1892,Pristimantis ptochus
1893,Pristimantis pugnax
1894,Pristimantis puipui
1895,Pristimantis pulchridormientes
1896,Pristimantis pulvinatus
1897,Pristimantis pycnodermis
1898,Pristimantis pyrrhomerus
1899,Pristimantis quantus
1900,Pristimantis quaquaversus
1901,Pristimantis quicato
1902,Pristimantis quinquagesimus
1903,Pristimantis racemus
1904,Pristimantis ramagii
1905,Pristimantis reclusas
1906,Pristimantis renjiforum
1907,Pristimantis repens
1908,Pristimantis restrepoi
1909,Pristimantis reticulatus
1910,Pristimantis rhabdocnemus
1911,Pristimantis rhabdolaemus
1912,Pristimantis rhigophilus
1913,Pristimantis rhodoplichus
1914,Pristimantis rhodostichus
1915,Pristimantis ridens
1916,Pristimantis rivasi
1917,Pristimantis riveroi
1918,Pristimantis riveti
1919,Pristimantis rosadoi
1920,Pristimantis roseus
1921,Pristimantis royi
1922,Pristimantis rozei
1923,Pristimantis rubicundus
1924,Pristimantis ruedai
1925,Pristimantis rufioculis
1926,Pristimantis ruidus
1927,Pristimantis ruthveni
1928,Pristimantis sagittulus
1929,Pristimantis salaputium
1930,Pristimantis saltissimus
1931,Pristimantis samaipatae
1932,Pristimantis sanctaemartae
1933,Pristimantis sanguineus
1934,Pristimantis sarisarinama
1935,Pristimantis satagius
1936,Pristimantis schultei
1937,Pristimantis scitulus
1938,Pristimantis scoloblepharus
1939,Pristimantis scolodiscus
1940,Pristimantis scopaeus
1941,Pristimantis seorsus
1942,Pristimantis serendipitus
1943,Pristimantis signifer
1944,Pristimantis silverstonei
1945,Pristimantis simonbolivari
1946,Pristimantis simonsii
1947,Pristimantis simoteriscus
1948,Pristimantis simoterus
1949,Pristimantis siopelus
1950,Pristimantis skydmainos
1951,Pristimantis sobetes
1952,Pristimantis spectabilis
1953,Pristimantis spilogaster
1954,Pristimantis spinosus
1955,Pristimantis stenodiscus
1956,Pristimantis sternothylax
1957,Pristimantis stictoboubonus
1958,Pristimantis stictogaster
1959,Pristimantis stictus
1960,Pristimantis stipa
1961,Pristimantis subsigillatus
1962,Pristimantis suetus
1963,Pristimantis sulculus
1964,Pristimantis supernatis
1965,Pristimantis surdus
1966,Pristimantis susaguae
1967,Pristimantis taciturnus
1968,Pristimantis taeniatus
1969,Pristimantis tamsitti
1970,Pristimantis tantanti
1971,Pristimantis tanyrhynchus
1972,Pristimantis tayrona
1973,Pristimantis telefericus
1974,Pristimantis tenebrionis
1975,Pristimantis terraebolivaris
1976,Pristimantis thectopternus
1977,Pristimantis thyellus
1978,Pristimantis thymalopsoides
1979,Pristimantis thymelensis
1980,Pristimantis toftae
1981,Pristimantis torrenticola
1982,Pristimantis trachyblepharis
1983,Pristimantis tribulosus
1984,Pristimantis truebae
1985,Pristimantis tubernasus
1986,Pristimantis turik
1987,Pristimantis turumiquirensis
1988,Pristimantis uisae
1989,Pristimantis unistrigatus
1990,Pristimantis uranobates
1991,Pristimantis vanadise
1992,Pristimantis variabilis
1993,Pristimantis veletis
1994,Pristimantis ventriguttatus
1995,Pristimantis ventrimarmoratus
1996,Pristimantis verecundus
1997,Pristimantis versicolor
1998,Pristimantis vertebralis
1999,Pristimantis vicarius
2000,Pristimantis vidua
2001,Pristimantis viejas
2002,Pristimantis vilarsi
2003,Pristimantis vilcabambae
2004,Pristimantis vinhai
2005,Pristimantis viridicans
2006,Pristimantis viridis
2007,Pristimantis w-nigrum
2008,Pristimantis wagteri
2009,Pristimantis walkeri
2010,Pristimantis waoranii
2011,Pristimantis wiensi
2012,Pristimantis xeniolum
2013,Pristimantis xestus
2014,Pristimantis xylochobates
2015,Pristimantis yaviensis
2016,Pristimantis yukpa
2017,Pristimantis yuruaniensis
2018,Pristimantis yustizi
2019,Pristimantis zeuctotylus
2020,Pristimantis zimmermanae
2021,Pristimantis zoilae
2022,Pristimantis zophus
2023,Proceratophrys appendiculata
2024,Proceratophrys avelinoi
2025,Proceratophrys bigibbosa
2026,Proceratophrys boiei
2027,Proceratophrys brauni
2028,Proceratophrys concavitympanum
2029,Proceratophrys cristiceps
2030,Proceratophrys cururu
2031,Proceratophrys fryi
2032,Proceratophrys goyana
2033,Proceratophrys laticeps
2034,Proceratophrys melanopogon
2035,Proceratophrys moehringi
2036,Proceratophrys moratoi
2037,Proceratophrys palustris
2038,Proceratophrys paviotii
2039,Proceratophrys phyllostomus
2040,Proceratophrys salvatori
2041,Proceratophrys schirchi
2042,Proceratophrys subguttata
2043,Proceratophrys vielliardi
2044,Prostherapis dunni
2045,Pseudis bolbodactyla
2046,Pseudis cardosoi
2047,Pseudis fusca
2048,Pseudis minuta
2049,Pseudis paradoxa
2050,Pseudis platensis
2051,Pseudis tocantins
2052,Pseudopaludicola boliviana
2053,Pseudopaludicola canga
2054,Pseudopaludicola ceratophyes
2055,Pseudopaludicola falcipes
2056,Pseudopaludicola llanera
2057,Pseudopaludicola mineira
2058,Pseudopaludicola mirandae
2059,Pseudopaludicola mystacalis
2060,Pseudopaludicola pusilla
2061,Pseudopaludicola riopiedadensis
2062,Pseudopaludicola saltica
2063,Pseudopaludicola ternetzi
2064,Psychrophrynella bagrecito
2065,Psychrophrynella chirihampatu
2066,Psychrophrynella usurpator
2067,Ranitomeya amazonica
2068,Ranitomeya benedicta
2069,Ranitomeya defleri
2070,Ranitomeya duellmani
2071,Ranitomeya fantastica
2072,Ranitomeya flavovittata
2073,Ranitomeya imitator
2074,Ranitomeya reticulata
2075,Ranitomeya sirensis
2076,Ranitomeya summersi
2077,Ranitomeya uakarii
2078,Ranitomeya vanzolinii
2079,Ranitomeya variabilis
2080,Ranitomeya ventrimaculata
2081,Ranitomeya yavaricola
2082,Rhaebo anderssoni
2083,Rhaebo andinophrynoides
2084,Rhaebo atelopoides
2085,Rhaebo blombergi
2086,Rhaebo caeruleostictus
2087,Rhaebo colomai
2088,Rhaebo glaberrimus
2089,Rhaebo guttatus
2090,Rhaebo haematiticus
2091,Rhaebo hypomelas
2092,Rhaebo lynchi
2093,Rhaebo nasicus
2094,Rhaebo olallai
2095,Rheobates palmatus
2096,Rheobates pseudopalmatus
2097,Rhinella abei
2098,Rhinella achalensis
2099,Rhinella achavali
2100,Rhinella acrolopha
2101,Rhinella acutirostris
2102,Rhinella alata
2103,Rhinella amabilis
2104,Rhinella amboroensis
2105,Rhinella arborescandens
2106,Rhinella arenarum
2107,Rhinella arequipensis
2108,Rhinella arunco
2109,Rhinella atacamensis
2110,Rhinella beebei
2111,Rhinella bergi
2112,Rhinella bernardoi
2113,Rhinella castaneotica
2114,Rhinella ceratophrys
2115,Rhinella cerradensis
2116,Rhinella chavin
2117,Rhinella cristinae
2118,Rhinella crucifer
2119,Rhinella dapsilis
2120,Rhinella diptycha
2121,Rhinella dorbignyi
2122,Rhinella fernandezae
2123,Rhinella festae
2124,Rhinella fissipes
2125,Rhinella gallardoi
2126,Rhinella gnustae
2127,Rhinella granulosa
2128,Rhinella henseli
2129,Rhinella hoogmoedi
2130,Rhinella icterica
2131,Rhinella inca
2132,Rhinella iserni
2133,Rhinella jimi
2134,Rhinella justinianoi
2135,Rhinella leptoscelis
2136,Rhinella lescurei
2137,Rhinella limensis
2138,Rhinella lindae
2139,Rhinella macrorhina
2140,Rhinella magnussoni
2141,Rhinella manu
2142,Rhinella margaritifera
2143,Rhinella marina
2144,Rhinella martyi
2145,Rhinella multiverrucosa
2146,Rhinella nesiotes
2147,Rhinella nicefori
2148,Rhinella ocellata
2149,Rhinella ornata
2150,Rhinella paraguas
2151,Rhinella poeppigii
2152,Rhinella pombali
2153,Rhinella proboscidea
2154,Rhinella pygmaea
2155,Rhinella quechua
2156,Rhinella roqueana
2157,Rhinella rostrata
2158,Rhinella rubescens
2159,Rhinella rubropunctata
2160,Rhinella ruizi
2161,Rhinella rumbolli
2162,Rhinella scitula
2163,Rhinella sclerocephala
2164,Rhinella spinulosa
2165,Rhinella stanlaii
2166,Rhinella sternosignata
2167,Rhinella tacana
2168,Rhinella tenrec
2169,Rhinella vellardi
2170,Rhinella veraguensis
2171,Rhinella veredas
2172,Rhinella yanachaga
2173,Rhinella yunga
2174,Rhinoderma darwinii
2175,Rhinoderma rufum
2176,Rulyrana adiazeta
2177,Rulyrana flavopunctata
2178,Rulyrana mcdiarmidi
2179,Rulyrana saxiscandens
2180,Rulyrana spiculata
2181,Rulyrana susatamai
2182,Rupirana cardosoi
2183,Sachatamia albomaculata
2184,Sachatamia electrops
2185,Sachatamia ilex
2186,Sachatamia orejuela
2187,Sachatamia punctulata
2188,Scarthyla goinorum
2189,Scarthyla vigilans
2190,Scinax acuminatus
2191,Scinax alter
2192,Scinax auratus
2193,Scinax baumgardneri
2194,Scinax blairi
2195,Scinax boesemani
2196,Scinax boulengeri
2197,Scinax cabralensis
2198,Scinax caldarum
2199,Scinax camposseabrai
2200,Scinax cardosoi
2201,Scinax castroviejoi
2202,Scinax chiquitanus
2203,Scinax constrictus
2204,Scinax cretatus
2205,Scinax crospedospilus
2206,Scinax cruentommus
2207,Scinax curicica
2208,Scinax cuspidatus
2209,Scinax danae
2210,Scinax duartei
2211,Scinax elaeochroa
2212,Scinax eurydice
2213,Scinax exiguus
2214,Scinax funereus
2215,Scinax fuscomarginatus
2216,Scinax fuscovarius
2217,Scinax garbei
2218,Scinax granulatus
2219,Scinax hayii
2220,Scinax ictericus
2221,Scinax iquitorum
2222,Scinax jolyi
2223,Scinax karenanneae
2224,Scinax kennedyi
2225,Scinax lindsayi
2226,Scinax manriquei
2227,Scinax maracaya
2228,Scinax nasicus
2229,Scinax nebulosus
2230,Scinax oreites
2231,Scinax pachycrus
2232,Scinax parkeri
2233,Scinax pedromedinae
2234,Scinax perereca
2235,Scinax pinimus
2236,Scinax proboscideus
2237,Scinax quinquefasciatus
2238,Scinax rostratus
2239,Scinax ruber
2240,Scinax similis
2241,Scinax squalirostris
2242,Scinax sugillatus
2243,Scinax tigrinus
2244,Scinax trilineatus
2245,Scinax uruguayus
2246,Scinax wandae
2247,Scinax x-signatus
2248,Scythrophrys sawayae
2249,Silverstoneia dalyi
2250,Silverstoneia erasmios
2251,Silverstoneia gutturalis
2252,Silverstoneia minima
2253,Silverstoneia minutissima
2254,Silverstoneia nubicola
2255,Silverstoneia punctiventris
2256,Smilisca phaeota
2257,Smilisca sila
2258,Smilisca sordida
2259,Sphaenorhynchus bromelicola
2260,Sphaenorhynchus caramaschii
2261,Sphaenorhynchus carneus
2262,Sphaenorhynchus dorisae
2263,Sphaenorhynchus lacteus
2264,Sphaenorhynchus mirim
2265,Sphaenorhynchus orophilus
2266,Sphaenorhynchus palustris
2267,Sphaenorhynchus planicola
2268,Sphaenorhynchus prasinus
2269,Sphaenorhynchus surdus
2270,Stefania ackawaio
2271,Stefania ayangannae
2272,Stefania breweri
2273,Stefania coxi
2274,Stefania evansi
2275,Stefania ginesi
2276,Stefania goini
2277,Stefania marahuaquensis
2278,Stefania oculosa
2279,Stefania percristata
2280,Stefania riae
2281,Stefania riveroi
2282,Stefania roraimae
2283,Stefania satelles
2284,Stefania scalae
2285,Stefania schuberti
2286,Stefania tamacuarina
2287,Stefania woodleyi
2288,Stereocyclops histrio
2289,Stereocyclops incrassatus
2290,Stereocyclops parkeri
2291,Strabomantis anatipes
2292,Strabomantis anomalus
2293,Strabomantis biporcatus
2294,Strabomantis bufoniformis
2295,Strabomantis cadenai
2296,Strabomantis cerastes
2297,Strabomantis cheiroplethus
2298,Strabomantis cornutus
2299,Strabomantis helonotus
2300,Strabomantis ingeri
2301,Strabomantis laticorpus
2302,Strabomantis necerus
2303,Strabomantis necopinus
2304,Strabomantis ruizi
2305,Strabomantis sulcatus
2306,Strabomantis zygodactylus
2307,Synapturanus mirandaribeiroi
2308,Synapturanus rabus
2309,Synapturanus salseri
2310,Tachiramantis douglasi
2311,Tachiramantis lassoalcalai
2312,Tachiramantis lentiginosus
2313,Tachiramantis prolixodiscus
2314,Telmatobius arequipensis
2315,Telmatobius atacamensis
2316,Telmatobius atahualpai
2317,Telmatobius bolivianus
2318,Telmatobius brachydactylus
2319,Telmatobius brevipes
2320,Telmatobius brevirostris
2321,Telmatobius carrillae
2322,Telmatobius ceiorum
2323,Telmatobius chusmisensis
2324,Telmatobius cirrhacelis
2325,Telmatobius colanensis
2326,Telmatobius contrerasi
2327,Telmatobius culeus
2328,Telmatobius dankoi
2329,Telmatobius degener
2330,Telmatobius edaphonastes
2331,Telmatobius espadai
2332,Telmatobius fronteriensis
2333,Telmatobius gigas
2334,Telmatobius halli
2335,Telmatobius hauthali
2336,Telmatobius hintoni
2337,Telmatobius hockingi
2338,Telmatobius huayra
2339,Telmatobius hypselocephalus
2340,Telmatobius ignavus
2341,Telmatobius intermedius
2342,Telmatobius jelskii
2343,Telmatobius laticeps
2344,Telmatobius latirostris
2345,Telmatobius macrostomus
2346,Telmatobius marmoratus
2347,Telmatobius mayoloi
2348,Telmatobius mendelsoni
2349,Telmatobius necopinus
2350,Telmatobius niger
2351,Telmatobius oxycephalus
2352,Telmatobius pefauri
2353,Telmatobius peruvianus
2354,Telmatobius philippii
2355,Telmatobius pinguiculus
2356,Telmatobius pisanoi
2357,Telmatobius platycephalus
2358,Telmatobius punctatus
2359,Telmatobius rimac
2360,Telmatobius rubigo
2361,Telmatobius sanborni
2362,Telmatobius schreiteri
2363,Telmatobius scrocchii
2364,Telmatobius sibiricus
2365,Telmatobius simonsi
2366,Telmatobius stephani
2367,Telmatobius thompsoni
2368,Telmatobius timens
2369,Telmatobius truebae
2370,Telmatobius vellardi
2371,Telmatobius ventriflavum
2372,Telmatobius verrucosus
2373,Telmatobius vilamensis
2374,Telmatobius yuracare
2375,Telmatobius zapahuirensis
2376,Telmatobufo australis
2377,Telmatobufo bullocki
2378,Telmatobufo ignotus
2379,Telmatobufo venustus
2380,Tepuihyla aecii
2381,Tepuihyla edelcae
2382,Tepuihyla exophthalma
2383,Tepuihyla obscura
2384,Tepuihyla rodriguezi
2385,Tepuihyla shushupe
2386,Tepuihyla tuberculosa
2387,Tepuihyla warreni
2388,Teratohyla adenocheira
2389,Teratohyla amelie
2390,Teratohyla midas
2391,Teratohyla pulverata
2392,Teratohyla spinosa
2393,Thoropa lutzi
2394,Thoropa megatympanum
2395,Thoropa miliaris
2396,Thoropa petropolitana
2397,Thoropa saxatilis
2398,Trachycephalus atlas
2399,Trachycephalus coriaceus
2400,Trachycephalus dibernardoi
2401,Trachycephalus hadroceps
2402,Trachycephalus imitatrix
2403,Trachycephalus jordani
2404,Trachycephalus lepidus
2405,Trachycephalus mesophaeus
2406,Trachycephalus nigromaculatus
2407,Trachycephalus resinifictrix
2408,Trachycephalus typhonius
2409,Truebella skoptes
2410,Truebella tothastes
2411,Vitreorana antisthenesi
2412,Vitreorana castroviejoi
2413,Vitreorana eurygnatha
2414,Vitreorana gorzulae
2415,Vitreorana helenae
2416,Vitreorana parvula
2417,Vitreorana ritae
2418,Vitreorana uranoscopa
2419,Xenohyla eugenioi
2420,Xenohyla truncata
2421,Yunganastes ashkapara
2422,Yunganastes bisignatus
2423,Yunganastes fraudator
2424,Yunganastes mercedesae
2425,Yunganastes pluvicanorus
2426,Zachaenus carvalhoi
2427,Zachaenus parvulus
